Workbook

Sheet DatasetDescription
A1: Free-text description of the phenotype under investigation. | B1: Standard ontology identifier mapped to the trait (e.g., EFO, MONDO, HPO, DOID). | C1: Identifier of the origin of the PEG list (e.g., publication, DOI, preprint, URL). | D1: Identifier of the GWAS source. Prefer GWAS Catalog accession (GCST); if not available, use PubMed ID, doi, url | E1: Detailed description of the GWAS samples. | F1: Total number of individuals included in the GWAS analysis. | G1: Indicator of whether the GWAS design is case–control (TRUE or FALSE). | H1: Free-text description of participant ancestry | I1: Broad ancestry category that best describes the sample. Multiple values can be listed separated by '|'.
A2: trait_description | B2: trait_ontology_id | C2: peg_source | D2: gwas_source | E2: gwas_samples_description | F2: gwas_sample_size | G2: gwas_case_control_study | H2: gwas_sample_ancestry | I2: gwas_sample_ancestry_label
A3: Ascorbic acid 3-sulfate levels | B3: EFO_0800173 | C3: PMID:36357675 | D3: GCST000001 | E3: 6,136 Finnish ancestry individuals | F3: 6136 | G3: FALSE | H3: Finland | I3: European
A4: coronary artery disease | B4: EFO_0001645 | C4: PMID:36474045 | D4: GCST90132315

Sheet GenomicIdentifier
A1: Explanation of how the main variant was selected (e.g., lead, sentinel, index, mixed). | B1: Additional free-text notes about the variant | C1: Genome assembly used to map variants. | D1: Version of the source database used for gene symbols/IDs (e.g., HGNC version). | E1: Version of the gene symbol reference authority | F1: Additional gene-level metadata that supports interpretation. | G1: Method used to define locus boundaries | H1: Provide the explanation of how the identifier was derived | I1: Additional information supporting locus interpretation.
A2: variant_type | B2: variant_information | C2: genome_build | D2: gene_id_source_version | E2: gene_symbol_source_version | F2: info | G2: locus_type | H2: locus_id | I2: locus_info
A3: lead | B3: The primary variant is the variant with the most significant association p-value in the study | C3: GRCh38 | D3: Ensembl v109 | E3: HGNC 2025-07-30 | F3: NA | G3: lead_variant +/- 500kb | H3: lead_variant | I3: Locus information
A4: significant | B4: 279 significant associations from GWAS meta-analysis | C4: GRCh37 | F4: All protein-coding genes within 500 kb of all 279 genome-wide association

Sheet Evidence
A1: Unique column name used in the PEG evidence matrix. | B1: Free text explanation of the content in this column.. | C1: Specific analysis stream within the evidence category. | D1: Full evidence category name from the controlled list. | E1: Short label assigned from the controlled list of evidence categories. | F1: Indicates whether the evidence originates from variant-level or gene-level analysis. | G1: Identifier for the data source, created in the source tab. | H1: Identifier for the analysis method, created in the method tab. | I1: Threshold applied to define significance or inclusion criteria. | J1: Additional free text clarifications to aid interpretation.
A2: column_header | B2: column_description | C2: evidence_stream_tag | D2: evidence_category | E2: evidence_category_abbreviation | F2: variant_or_gene_centric | G2: source_tag | H2: method_tag | I2: threshold | J2: note
A3: QTL_eQTL-aorta (p_value) | B3: p-value from eQTL analysis in aorta tissue | C3: eQTL | D3: Molecular QTL | E3: QTL | F3: variant-centric | G3: source_gtex_aorta | H3: soft_fastqtl | I3: p_value < 0.05
A4: GWAS_beta | B4: The effect size estimate from GWAS; indicates the direction and magnitude of the allele’s effect on the trait. | D4: Genome-wide association (GWAS) signal | E4: {=IF($D4="","",IFERROR(INDEX(validation!$A$2:$A$24,MATCH($D4,validation!$B$2:$B$24,0)),""))} -> GWAS | F4: variant-centric
A5: GWAS_pvalue | B5: The p-value of association between the variant and the trait from GWAS. | D5: Genome-wide association (GWAS) signal | E5: {=IF($D5="","",IFERROR(INDEX(validation!$A$2:$A$24,MATCH($D5,validation!$B$2:$B$24,0)),""))} -> GWAS | F5: variant-centric
A6: PROX | B6: If the gene is the nearest gene to the CAD sentinel variant. | D6: Proximity to gene (distance) | E6: {=IF($D6="","",IFERROR(INDEX(validation!$A$2:$A$24,MATCH($D6,validation!$B$2:$B$24,0)),""))} -> PROX | F6: variant-centric | J6: Summary of the tissue-specific enrichment and functionally-informed fine-mapped for the 127 regions enriched in at least one of the ten enriched CAD-relevant tissues. Enrichments showing a >3SD increment in Bayes Factor (BF) are highlighted in red. NULLBF = Bayes Factor under the null model; BESTBFJUMP = maximum increment (i.e. enrichment) observed across the ten tissues; PPA = posterior probability of association; HUVEC = human umbilical vein endothelial cells; HSMM = human skeletal muscle myoblasts.
A7: FUNC_VEPConsequence | B7: Functional consequence of the variant predicted by Ensembl VEP. This column includes only protein altering consequence. | D7: Predicted functional impact | E7: {=IF($D7="","",IFERROR(INDEX(validation!$A$2:$A$24,MATCH($D7,validation!$B$2:$B$24,0)),""))} -> FUNC | F7: variant-centric | H7: soft_vep | I7: protein-altering
A8: QTL_eQTL_summary | B8: Binary indicator of whether there is evidence of a significant eQTL association in any evaluated GTEx or STARNET tissue. A value of 1 indicates that at least one GTEx or STARNET tissue showed a significant eQTL association for the locus/gene; a value of 0 indicates that no significant eQTL association was identified in the evaluated tissues. | C8: eQTL | D8: Molecular QTL | E8: QTL | F8: variant-centric
A9: QTL_eQTL_gtex_Adipose_Subcutaneous_pvalue | B9: Nominal P-value for the association between genotype and gene expression in GTEx subcutaneous adipose tissue. | C9: eQTL | D9: Molecular QTL | E9: {=IF($D9="","",IFERROR(INDEX(validation!$A$2:$A$24,MATCH($D9,validation!$B$2:$B$24,0)),""))} -> QTL | F9: variant-centric | G9: source_eqtl_gtex_AdiposeSubcutaneous | H9: soft_eqtl | I9: FDR<5% | J9: eQTL look-ups from CAD-relevant tissues (adipose [subcutaneous, visceral omentum], adrenal gland, artery [aorta, coronary, tibial], liver and whole blood) in GTEx v7. Associations are only shown where the eQTL reached a 5% false-discovery rate threshold and the lead eQTL variant was in high LD (r2≥0.8) with the CAD sentinel variant. Nominal P values were estimated using a two-tailed t-test. eQTL = expression quantitative trait locus.
A10: QTL_eQTL_gtex_Adipose_Visceral_pvalue | B10: Nominal P-value for the association between genotype and gene expression in GTEx visceral adipose tissue. | C10: eQTL | D10: Molecular QTL | E10: {=IF($D10="","",IFERROR(INDEX(validation!$A$2:$A$24,MATCH($D10,validation!$B$2:$B$24,0)),""))} -> QTL | F10: variant-centric | G10: source_eqtl_gtex_AdiposeVisceral | H10: soft_eqtl | I10: FDR<5%
A11: QTL_eQTL_gtex_Adipose_Visceral_Omentum_pvalue | B11: Nominal P-value for the association between genotype and gene expression in GTEx visceral omentum adipose tissue. | C11: eQTL | D11: Molecular QTL | E11: {=IF($D11="","",IFERROR(INDEX(validation!$A$2:$A$24,MATCH($D11,validation!$B$2:$B$24,0)),""))} -> QTL | F11: variant-centric | G11: source_eqtl_gtex_AdiposeVisceralOmentum | H11: soft_eqtl | I11: FDR<5%
A12: QTL_eQTL_gtex_Adrenal_Gland_pvalue | B12: Nominal P-value for the association between genotype and gene expression in GTEx adrenal gland tissue. | C12: eQTL | D12: Molecular QTL | E12: {=IF($D12="","",IFERROR(INDEX(validation!$A$2:$A$24,MATCH($D12,validation!$B$2:$B$24,0)),""))} -> QTL | F12: variant-centric | G12: source_eqtl_gtex_AdrenalGland | H12: soft_eqtl | I12: FDR<5%
A13: QTL_eQTL_gtex_Artery_Aorta_pvalue | B13: Nominal P-value for the association between genotype and gene expression in GTEx aortic artery tissue. | C13: eQTL | D13: Molecular QTL | E13: {=IF($D13="","",IFERROR(INDEX(validation!$A$2:$A$24,MATCH($D13,validation!$B$2:$B$24,0)),""))} -> QTL | F13: variant-centric | G13: source_eqtl_gtex_ArteryAorta | H13: soft_eqtl | I13: FDR<5%
A14: QTL_eQTL_gtex_Artery_Coronary_pvalue | B14: Nominal P-value for the association between genotype and gene expression in GTEx coronary artery tissue. | C14: eQTL | D14: Molecular QTL | E14: {=IF($D14="","",IFERROR(INDEX(validation!$A$2:$A$24,MATCH($D14,validation!$B$2:$B$24,0)),""))} -> QTL | F14: variant-centric | G14: source_eqtl_gtex_ArteryCoronary | H14: soft_eqtl | I14: FDR<5%
A15: QTL_eQTL_gtex_Artery_Tibial_pvalue | B15: Nominal P-value for the association between genotype and gene expression in GTEx tibial artery tissue. | C15: eQTL | D15: Molecular QTL | E15: {=IF($D15="","",IFERROR(INDEX(validation!$A$2:$A$24,MATCH($D15,validation!$B$2:$B$24,0)),""))} -> QTL | F15: variant-centric | G15: source_eqtl_gtex_ArteryTibial | H15: soft_eqtl | I15: FDR<5%
A16: QTL_eQTL_gtex_Liver_pvalue | B16: Nominal P-value for the association between genotype and gene expression in GTEx liver tissue. | C16: eQTL | D16: Molecular QTL | E16: {=IF($D16="","",IFERROR(INDEX(validation!$A$2:$A$24,MATCH($D16,validation!$B$2:$B$24,0)),""))} -> QTL | F16: variant-centric | G16: source_eqtl_gtex_Liver | H16: soft_eqtl | I16: FDR<5%
A17: QTL_eQTL_gtex_Whole_Blood_pvalue | B17: Nominal P-value for the association between genotype and gene expression in GTEx whole blood. | C17: eQTL | D17: Molecular QTL | E17: {=IF($D17="","",IFERROR(INDEX(validation!$A$2:$A$24,MATCH($D17,validation!$B$2:$B$24,0)),""))} -> QTL | F17: variant-centric | G17: source_eqtl_gtex_WholeBlood | H17: soft_eqtl | I17: FDR<5%
A18: QTL_eQTL_STARNET_AOR_adjusted_pvalue | B18: Adjusted P-value for the association between genotype and gene expression in atherosclerotic aortic root tissue from STARNET. | C18: eQTL | D18: Molecular QTL | E18: {=IF($D18="","",IFERROR(INDEX(validation!$A$2:$A$24,MATCH($D18,validation!$B$2:$B$24,0)),""))} -> QTL | F18: variant-centric | G18: source_eqtl_starnet_AOR | H18: soft_eqtl | I18: FDR<5%
A19: QTL_eQTL_STARNET_BLOOD_adjusted_pvalue | B19: Adjusted P-value for the association between genotype and gene expression in blood from STARNET. | C19: eQTL | D19: Molecular QTL | E19: {=IF($D19="","",IFERROR(INDEX(validation!$A$2:$A$24,MATCH($D19,validation!$B$2:$B$24,0)),""))} -> QTL | F19: variant-centric | G19: source_eqtl_starnet_BLOOD | H19: soft_eqtl | I19: FDR<5%
A20: QTL_eQTL_STARNET_LIV_adjusted_pvalue | B20: Adjusted P-value for the association between genotype and gene expression in liver tissue from STARNET. | C20: eQTL | D20: Molecular QTL | E20: {=IF($D20="","",IFERROR(INDEX(validation!$A$2:$A$24,MATCH($D20,validation!$B$2:$B$24,0)),""))} -> QTL | F20: variant-centric | G20: source_eqtl_starnet_LIV | H20: soft_eqtl | I20: FDR<5%
A21: QTL_eQTL_STARNET_MAM_adjusted_pvalue | B21: Adjusted P-value for the association between genotype and gene expression in internal mammary artery tissue from STARNET. | C21: eQTL | D21: Molecular QTL | E21: {=IF($D21="","",IFERROR(INDEX(validation!$A$2:$A$24,MATCH($D21,validation!$B$2:$B$24,0)),""))} -> QTL | F21: variant-centric | G21: source_eqtl_starnet_MAM | H21: soft_eqtl | I21: FDR<5%
... A24: QTL_eQTL_STARNET_VAF_adjusted_pvalue | B24: Adjusted P-value for the association between genotype and gene expression in visceral abdominal fat tissue from STARNET. | C24: eQTL | D24: Molecular QTL | E24: {=IF($D24="","",IFERROR(INDEX(validation!$A$2:$A$24,MATCH($D24,validation!$B$2:$B$24,0)),""))} -> QTL | F24: variant-centric | G24: source_eqtl_starnet_VAF | H24: soft_eqtl | I24: FDR<5%
A25: DB_ClinVar | B25: List of genes in CAD-associated regions for which pathogenic (or likely pathogenic) variants were found in ClinVar for phenotypes and disorders related to CAD. | D25: Association from curated database | E25: {=IF($D25="","",IFERROR(INDEX(validation!$A$2:$A$24,MATCH($D25,validation!$B$2:$B$24,0)),""))} -> DB | F25: gene-centric | G25: source_clinvar | H25: method_clinvar | J25: The report disease to the gene in the region harbors a variant that ClinVar classifies as having evidence for being pathogenic for a cardiovascular-relevant monogenic disorder
A26: LIT_RareVariant | B26: A gene in the region has been shown to have a rare variant association with CAD in a previous WES or genotyping study | D26: Literature curation | E26: LIT | F26: gene-centric | J26: reviewed the literature for three sources of evidence as follows: rare coding variants previously associated with CAD, either individually or in aggregate gene-based tests, through whole-exome sequencing (WES) or exome array stud- ies;
A27: LIT_MRorDrug | B27: A gene in the region has been implicated by an effective drug targeting the protein and/or a positive MR study suggesting a causal effect of the protein on CAD | D27: Literature curation | E27: LIT | F27: gene-centric | J27: reviewed the literature for three sources of evidence as follows: Mendelian randomization (MR) studies of gene expression, protein levels or proximal phenotypes that implicate specific genes as causal effector genes for CAD and drugs proven to be effective for cardiovascular-relevant indications and that target specific proteins encoded by genes.
A28: PERTURB_MouseModel | B28: Specifies the mouse model or experimental system used to test gene perturbation effects, particularly those leading to cardiovascular-relevant phenotypes. | D28: Perturbation | E28: {=IF($D28="","",IFERROR(INDEX(validation!$A$2:$A$24,MATCH($D28,validation!$B$2:$B$24,0)),""))} -> PERTURB | F28: gene-centric | G28: source_pertub_mouse | J28: List of cardiovascular-relevant mouse phenotypes for gene knockouts of genes in genome-wide significant association regions. Columns describe the gene (including HGNC and Mouse Genome Informatics IDs), the mouse model ID and description, and the mouse phenotyping ID and description. The table is ordered alphabetically by gene name.
A29: PERTURB_MousePhenotype | B29: a gene for which a mouse knock-out has a cardiovascular-relevant phenotype | D29: Perturbation | E29: {=IF($D29="","",IFERROR(INDEX(validation!$A$2:$A$24,MATCH($D29,validation!$B$2:$B$24,0)),""))} -> PERTURB | F29: gene-centric | G29: source_pertub_mouse | J29: List of cardiovascular-relevant mouse phenotypes for gene knockouts of genes in genome-wide significant association regions. Columns describe the gene (including HGNC and Mouse Genome Informatics IDs), the mouse model ID and description, and the mouse phenotyping ID and description. The table is ordered alphabetically by gene name.
D49: =IF($E49="","",IFERROR(VLOOKUP($E49,validation!$A$2:$B$24,2,FALSE),"")) -> #REF! | E49: {=IF($D49="","",IFERROR(INDEX(validation!$A$2:$A$24,MATCH($D49,validation!$B$2:$B$24,0)),""))} -> #REF!
D50: =IF($E50="","",IFERROR(VLOOKUP($E50,validation!$A$2:$B$24,2,FALSE),"")) -> #REF! | E50: {=IF($D50="","",IFERROR(INDEX(validation!$A$2:$A$24,MATCH($D50,validation!$B$2:$B$24,0)),""))} -> #REF!
D51: =IF($E51="","",IFERROR(VLOOKUP($E51,validation!$A$2:$B$24,2,FALSE),"")) -> #REF! | E51: {=IF($D51="","",IFERROR(INDEX(validation!$A$2:$A$24,MATCH($D51,validation!$B$2:$B$24,0)),""))} -> #REF!
D52: =IF($E52="","",IFERROR(VLOOKUP($E52,validation!$A$2:$B$24,2,FALSE),"")) -> #REF! | E52: {=IF($D52="","",IFERROR(INDEX(validation!$A$2:$A$24,MATCH($D52,validation!$B$2:$B$24,0)),""))} -> #REF!
D53: =IF($E53="","",IFERROR(VLOOKUP($E53,validation!$A$2:$B$24,2,FALSE),"")) -> #REF! | E53: {=IF($D53="","",IFERROR(INDEX(validation!$A$2:$A$24,MATCH($D53,validation!$B$2:$B$24,0)),""))} -> #REF!
D54: =IF($E54="","",IFERROR(VLOOKUP($E54,validation!$A$2:$B$24,2,FALSE),"")) -> #REF! | E54: {=IF($D54="","",IFERROR(INDEX(validation!$A$2:$A$24,MATCH($D54,validation!$B$2:$B$24,0)),""))} -> #REF!
D55: =IF($E55="","",IFERROR(VLOOKUP($E55,validation!$A$2:$B$24,2,FALSE),"")) -> #REF! | E55: {=IF($D55="","",IFERROR(INDEX(validation!$A$2:$A$24,MATCH($D55,validation!$B$2:$B$24,0)),""))} -> #REF!
D56: =IF($E56="","",IFERROR(VLOOKUP($E56,validation!$A$2:$B$24,2,FALSE),"")) -> #REF! | E56: {=IF($D56="","",IFERROR(INDEX(validation!$A$2:$A$24,MATCH($D56,validation!$B$2:$B$24,0)),""))} -> #REF!
D57: =IF($E57="","",IFERROR(VLOOKUP($E57,validation!$A$2:$B$24,2,FALSE),"")) -> #REF! | E57: {=IF($D57="","",IFERROR(INDEX(validation!$A$2:$A$24,MATCH($D57,validation!$B$2:$B$24,0)),""))} -> #REF!
D58: =IF($E58="","",IFERROR(VLOOKUP($E58,validation!$A$2:$B$24,2,FALSE),"")) -> #REF! | E58: {=IF($D58="","",IFERROR(INDEX(validation!$A$2:$A$24,MATCH($D58,validation!$B$2:$B$24,0)),""))} -> #REF!
D59: =IF($E59="","",IFERROR(VLOOKUP($E59,validation!$A$2:$B$24,2,FALSE),"")) -> #REF! | E59: {=IF($D59="","",IFERROR(INDEX(validation!$A$2:$A$24,MATCH($D59,validation!$B$2:$B$24,0)),""))} -> #REF!
D60: =IF($E60="","",IFERROR(VLOOKUP($E60,validation!$A$2:$B$24,2,FALSE),"")) -> #REF! | E60: {=IF($D60="","",IFERROR(INDEX(validation!$A$2:$A$24,MATCH($D60,validation!$B$2:$B$24,0)),""))} -> #REF!
... D208: =IF($E208="","",IFERROR(VLOOKUP($E208,validation!$A$2:$B$24,2,FALSE),"")) -> #REF! | E208: {=IF($D208="","",IFERROR(INDEX(validation!$A$2:$A$24,MATCH($D208,validation!$B$2:$B$24,0)),""))} -> #REF!

Sheet validation
A1: evidence_category_abbreviation | B1: evidence_category
A2: CHROMATIN | B2: Chromatin interaction
A3: COLOC | B3: Colocalisation
A4: CROSSP | B4: Cross-phenotype
A5: DB | B5: Association from curated database
A6: DRUG | B6: Drug related
A7: EXP | B7: Expression
A8: FINEMAP | B8: Finemapping and credible sets
A9: FUNC | B9: Predicted functional impact
A10: GENEBASE | B10: Gene-based association
A11: GWAS | B11: Genome-wide association (GWAS) signal
A12: KNOW | B12: Biological Knowledge Inference
... A24: TPWAS | B24: Genetically predicted trait association (TWAS/PWAS)

Sheet Integration
A1: Author-assigned analysis name that can be cited as evidence in the integrated_analysis_name field. | B1: Unique column name used in the PEG evidence matrix. | C1: Free text explanation of the content in this column. | D1: Indicates when values in this column reflect the authors’ conclusions for defining the PEG list. NOTE: only **ONE** column per matrix can be assiged as `True`. We recommend including the string 'author_conclusion' in the appropirate column header. | E1: A list of variant-centric or gene-centric evidence stream names combined in the integration. | F1: A list of integration_tag values from other integration analyses that are included in this integration analysis | G1: Identifier for the analysis method (from Method tab). | H1: Threshold applied to define significance or inclusion criteria. | I1: Extra details to aid interpretation.
A2: integration_tag | B2: column_header | C2: column_description | D2: author_conclusion | E2: evidence_streams_included | F2: integrations_included | G2: method_tag | H2: threshold | I2: note
A3: pops | B3: INT_pops | C3: Integrated score based on multiple evidence types for the gene | D3: TRUE | E3: FUNC | eQTL | pQTL | FM | 3d |PHEWAS |TWAS | F3: pops | flames | G3: soft_pops | H3: 0.05
A4: pops_500 | B4: INT_PoPS_500kb_score | C4: PoPS score for all genes within a 500kb window of each of the 279 sentinel genome-wide significant associations with CAD | D4: FALSE | G4: soft_pops | I4: gene with highest PoPS score within 500kb of sentinel.
A5: pops_500 | B5: INT_PoPS_500kb_rank | C5: PoPS association-specific rank for all genes within a 500kb window of each of the 279 sentinel genome-wide significant associations with CAD | D5: FALSE | G5: soft_pops
A6: pops_500 | B6: INT_PoPS_500kb_summary | C6: Binary indicator of PoPS support. Equals 1 if the gene is ranked among the top 2 PoPS-prioritized genes within ±500 kb of the locus, providing positive evidence that the gene may be causal; otherwise 0. | D6: FALSE
A7: n_predictors | B7: INT_n_predictors | C7: Number of evidence streams supprting the variant-gene pair to the phenotype | D7: FALSE | E7: PROX | eQTL | FUNC GENEBASE | PERTUB | DB | LIT | F7: pops | G7: method_customised | I7: more than 4 supported evidence is recognised as positive
A8: author_conclusion | B8: INT_author_conclusion | C8: Author's conclusion if the variant-gene pair is consider as a positive result | D8: TRUE | F8: n_predictors | I8: INT_n_predictors > 4, and the gene is not reported for any greater INT_n_predictors value

Sheet Source
A1: Unique identifier for the source. | B1: Provenance type indicating the origin of the data source. Use lab_internal for unpublished data generated by your lab. Use publication for published data not deposited in a repository. Use the official name of the resource (e.g., GTEx, ENCODE). | C1: Exact filename of the source dataset. | D1: Version or release of the dataset. | E1: Web link to the source file used in the analysis. | F1: Accession identifier if the source file comes from the repository. | G1: DOI for the publication containing the source file. | H1: Extra details to aid interpretation of the source. | I1: Biological origin of the sample (e.g., primary-tissue, organoid, cell-line, iPSC-derived). | J1: Primary tissue sampled (detailed anatomical location). | K1: Specific cell type, if applicable. | L1: Cell line name if sample_origin is "cell-line". | M1: Disease status of the donor or sample. | N1: Developmental stage of the biosample. | O1: Treatments or perturbations applied prior to or during data generation. | P1: Sex composition of samples. | Q1: Species of the sample. | R1: Brief summary of sample characteristics and intended use.
A2: source_tag | B2: provenance | C2: file_name | D2: version | E2: url | F2: accession_id | G2: doi | H2: note | I2: sample_origin | J2: tissue | K2: cell_type | L2: cell_line | M2: disease | N2: life_stage | O2: treatment | P2: sex | Q2: species | R2: description
A3: source_gtex_aorta | B3: GTEx | C3: GTEx_Analysis_2017-06-05_v8_RNASeQCv1.1.9_gene_tpm.gct.gz | D3: v8 | E3: https://gtexportal.org/ | F3: GSE123456 | G3: 10.1038/s41586-020-2493-4 | H3: The analysis includes only samples from individuals aged 20–29. | I3: primary-tissue | J3: aorta | K3: alpha cells | L3: K562 | M3: healthy | N3: adult | O3: anti-IgM treated | P3: mixed | Q3: human | R3: Bulk pancreas tissue samples from healthy postmortem adult human donors in GTEx v10. Used for eQTL discovery. Samples span male and female donors aged approximately 20–70 years. No treatment applied.
A4: source_ukbb | B4: UK Biobank | G4: https://doi.org/10.1038/s41586-018-0579-z | R4: UK Biobank (UKB) is a prospective study of approximately 500,000 individuals comprising members of the UK population aged 40-69 collected from multiple sites across the United Kingdom from 2006-2010 (14).
A5: source_pertub_mouse | B5: IMPC | D5: 10.1 | E5: http://www.mousephenotype.org
A6: source_pertub_mouse | B6: Mouse Genome Informatics database | D6: 2019 | E6: http://www.informatics.jax.org
A7: source_clinvar | B7: ClinVar | D7: 43988 | E7: https://www.ncbi.nlm.nih.gov/clinvar/
A8: source_eqtl_gtex_AdiposeSubcutaneous | B8: GTEx | D8: v7 | E8: https://www.gtexportal.org/home/datasets | I8: primary-tissue | J8: Adipose Subcutaneous | K8: mixed | N8: adult | P8: mixed | Q8: human
A9: source_eqtl_gtex_AdiposeVisceral | B9: GTEx | D9: v7 | E9: https://www.gtexportal.org/home/datasets | I9: primary-tissue | J9: Adipose Visceral | K9: mixed | N9: adult | P9: mixed | Q9: human
A10: source_eqtl_gtex_AdiposeVisceralOmentum | B10: GTEx | D10: v7 | E10: https://www.gtexportal.org/home/datasets | I10: primary-tissue | J10: Adipose Visceral Omentum | K10: mixed | N10: adult | P10: mixed | Q10: human
A11: source_eqtl_gtex_AdrenalGland | B11: GTEx | D11: v7 | E11: https://www.gtexportal.org/home/datasets | I11: primary-tissue | J11: Adrenal Gland | K11: mixed | N11: adult | P11: mixed | Q11: human
A12: source_eqtl_gtex_ArteryAorta | B12: GTEx | D12: v7 | E12: https://www.gtexportal.org/home/datasets | I12: primary-tissue | J12: Artery Aorta | K12: mixed | N12: adult | P12: mixed | Q12: human
A13: source_eqtl_gtex_ArteryCoronary | B13: GTEx | D13: v7 | E13: https://www.gtexportal.org/home/datasets | I13: primary-tissue | J13: Artery Coronary | K13: mixed | N13: adult | P13: mixed | Q13: human
A14: source_eqtl_gtex_ArteryTibial | B14: GTEx | D14: v7 | E14: https://www.gtexportal.org/home/datasets | I14: primary-tissue | J14: Artery Tibial | K14: mixed | N14: adult | P14: mixed | Q14: human
A15: source_eqtl_gtex_Liver | B15: GTEx | D15: v7 | E15: https://www.gtexportal.org/home/datasets | I15: primary-tissue | J15: Liver | K15: mixed | N15: adult | P15: mixed | Q15: human
A16: source_eqtl_gtex_WholeBlood | B16: GTEx | D16: v7 | E16: https://www.gtexportal.org/home/datasets | I16: primary-tissue | J16: Whole Blood | K16: mixed | N16: adult | P16: mixed | Q16: human
A17: source_eqtl_starnet_AOR | B17: STRANET | G17: 10.1126/science.aad6970 | I17: primary-tissue | J17: Atherosclerotic Aortic Root | K17: mixed | M17: Coronary artery disease | N17: adult | P17: mixed | Q17: human
A18: source_eqtl_starnet_BLOOD | B18: STRANET | G18: 10.1126/science.aad6970 | I18: primary-tissue | J18: Blood | K18: mixed | M18: Coronary artery disease | N18: adult | P18: mixed | Q18: human
A19: source_eqtl_starnet_LIV | B19: STRANET | G19: 10.1126/science.aad6970 | I19: primary-tissue | J19: Liver | K19: mixed | M19: Coronary artery disease | N19: adult | P19: mixed | Q19: human
A20: source_eqtl_starnet_MAM | B20: STRANET | G20: 10.1126/science.aad6970 | I20: primary-tissue | J20: Atherosclerotic-lesion-free Internal Mammary Artery | K20: mixed | M20: Coronary artery disease | N20: adult | P20: mixed | Q20: human
A21: source_eqtl_starnet_SF | B21: STRANET | G21: 10.1126/science.aad6970 | I21: primary-tissue | J21: Subcutaneous Fat | K21: mixed | M21: Coronary artery disease | N21: adult | P21: mixed | Q21: human
A22: source_eqtl_starnet_SKLM | B22: STRANET | G22: 10.1126/science.aad6970 | I22: primary-tissue | J22: Skeletal Muscle | K22: mixed | M22: Coronary artery disease | N22: adult | P22: mixed | Q22: human
A23: source_eqtl_starnet_VAF | B23: STRANET | G23: 10.1126/science.aad6970 | I23: primary-tissue | J23: Visceral Abdominal Fat | K23: mixed | M23: Coronary artery disease | N23: adult | P23: mixed | Q23: human

Sheet Method
A1: Unique identifier for the method, used in the PEG evidence and integration metadata. | B1: Specifies whether the method is a published software tool or a manual approach. | C1: Manual assertion:ECO_0000218; Automatic assertion:ECO_0000203;Manually integrated combinatorial evidence: ECO_0007674;Automatically integrated combinatorial evidence: ECO_0007673 | D1: Name of the software used. | E1: Version of the software used. | F1: Link to the official software resource. | G1: DOI of the software or associated publication. | H1: Detailed description of the method, workflow, or customisation applied. | I1: Detailed description of the method, workflow, or customisation applied.
A2: method_tag | B2: method_mode | C2: method_mode_ontology_term_id | D2: software_name | E2: software_version | F2: software_url | G2: software_doi | H2: method_description | I2: note
A3: soft_fastqtl | B3: software | C3: ECO_0000203 | D3: FastQTL | E3: v1.0 | F3: https://github.com/francois-a/fastqtl | G3: 10.1093/BIOINFORMATICS/BTV722 | H3: Custom scoring model combining eQTL and chromatin interaction data.
A4: soft_vep | B4: software | C4: ECO_0000203 | D4: Ensembl VEP | E4: v96.0 | F4: https://www.ensembl.org/info/docs/tools/vep/index.html
A5: soft_fgwas | B5: software | C5: ECO_0000203 | D5: fgwas | F5: https://github.com/joepickrell/fgwas
A6: soft_eqtl | B6: software | C6: ECO_0000203 | H6: We cross-referenced the sentinel CAD variants and their proxies (r2≥0.8) with STARNET eQTLs reaching a 5% FDR for all tissues. To ensure the CAD association and eQTL are likely to be driven by the same causal variant, we retained only those eQTLs where the CAD-associated variant and the lead eQTL variant had r2≥0.8 among European ancestry participants from UK Biobank.
A7: soft_phewas | B7: software | C7: ECO_0000203 | H7: For disease phenotypes, we performed logistic regression adjusted for age, sex, genotyping array, and the first five principal components. An association with a disease phenotype was deemed significant at a Bonferroni-corrected threshold of p-value<3.4x10-6 (53 diseases x 279 genetic variants). Continuous phenotypes were residualized after adjusting for age, sex, genotyping array, and the first five principal components; linear regression was performed on residuals following inverse-normal transformation
A8: soft_skato | B8: software | C8: ECO_0000203
A9: soft_pops | B9: software | C9: ECO_0007674 | D9: PoPS | G9: https://doi.org/10.1101/2020.09.08.20190561
A10: method_customised | B10: manual | C10: ECO_0007674 | H10: To systematically prioritize likely causal genes for all 279 genome-wide associations, we integrated the following eight of the aforementioned similarity-based or locus-based predictors of causal genes: (1) the top two prioritized genes from PoPS; (2) genes with eQTLs in CAD-relevant tissues from STARNET or GTEx; (3) genes containing protein-altering variants that are in strong LD (r2 ≥ 0.8) with the CAD sentinel variant; (4) genes harboring variants responsible for monogenic disorders of cardiovascular relevance according to ClinVar; (5) genes containing rare coding variants that have been associated with CAD risk in previous WES or array-based studies; (6) genes encoding proteins of causal relevance to CAD per MR studies or that are targets for established cardiovascular drugs; (7) genes that display cardiovascular-relevant phenotypes in knock-out mice from the International Mouse Phenotyping Consortium or Mouse Genome Informatics database; and (8) the nearest gene to the CAD sentinel variant (Fig. 5a). We prioritized the most likely ‘causal gene’ for each association using a consensus-based approach, selecting the gene with the highest, unweighted sum of evidence across all eight predictors.
A11: method_clinvar | B11: manual | C11: ECO_0000218 | H11: Genes associated with cardiovascular-related pathogenic or likely pathogenic variants in ClinVar within ±500 kb of CAD sentinel variants. Variants linked to multiple genes were assigned to all associated genes.
