Workbook

Sheet DatasetDescription
A1: Free-text description of the phenotype under investigation. | B1: Standard ontology identifier mapped to the trait (e.g., EFO, MONDO, HPO, DOID). | C1: Identifier of the GWAS source. Prefer GWAS Catalog accession (GCST); if not available, use PubMed ID, doi, url | D1: Identifier of the origin of the PEG list (e.g., publication, DOI, preprint, URL). | E1: Detailed description of the GWAS samples. | F1: Total number of individuals included in the GWAS analysis. | G1: Indicator of whether the GWAS design is case–control (TRUE or FALSE). | H1: Free-text description of participant ancestry | I1: Broad ancestry category that best describes the sample. Multiple values can be listed separated by '|'.
A2: trait_description | B2: trait_ontology_id | C2: gwas_source | D2: peg_source | E2: gwas_samples_description | F2: gwas_sample_size | G2: gwas_case_control_study | H2: gwas_sample_ancestry | I2: gwas_sample_ancestry_label
A3: Ascorbic acid 3-sulfate levels | B3: EFO_0800173 | C3: GCST000001 | D3: PMID:36357675 | E3: 6,136 Finnish ancestry individuals | F3: 6136 | G3: FALSE | H3: Finland | I3: European
A4: type 2 diabetes | B4: EFO_0800173 | C4: PMID:36357675 | D4: PMID:36357675 | E4: 6,136 Finnish ancestry individuals | F4: 6136 | G4: FALSE | H4: Finland | I4: European

Sheet GenomicIdentifier
A1: Explanation of how the main variant was selected (e.g., lead, sentinel, index, mixed). | B1: Genome assembly used to map variants. | C1: Additional free-text notes about the variant | D1: Version of the source database used for gene symbols/IDs (e.g., HGNC version). | E1: Version of the gene symbol reference authority | F1: Additional gene-level metadata that supports interpretation. | G1: Method used to define locus boundaries | H1: Provide the explanation of how the identifier was derived | I1: Additional information supporting locus interpretation.
A2: variant_type | B2: genome_build | C2: variant_information | D2: gene_id_source_version | E2: gene_symbol_source_version | F2: info | G2: locus_type | H2: locus_id | I2: locus_info
A3: lead | B3: GRCh38 | C3: The primary variant is the variant with the most significant association p-value in the study | D3: Ensembl v109 | E3: HGNC 2025-07-30 | F3: NA | G3: lead_variant +/- 500kb | H3: lead_variant | I3: Locus information
A4: lead | B4: GRCh38 | C4: The primary variant is the variant with the most significant association p-value in the study | D4: Ensembl v109 | E4: HGNC 2025-07-30 | F4: NA | G4: LD | H4: Lead SNP | I4: NA

Sheet Evidence
A1: Unique column name used in the PEG evidence matrix. | B1: Free text explanation of the content in this column.. | C1: Specific analysis stream within the evidence category. | D1: Full evidence category name from the controlled list. | E1: Short label assigned from the controlled list of evidence categories. | F1: Indicates whether the evidence originates from variant-level or gene-level analysis. | G1: Identifier for the data source, created in the source tab. | H1: Identifier for the analysis method, created in the method tab. | I1: Threshold applied to define significance or inclusion criteria. | J1: Additional free text clarifications to aid interpretation.
A2: column_header | B2: column_description | C2: evidence_stream_tag | D2: evidence_category | E2: evidence_category_abbreviation | F2: variant_or_gene_centric | G2: source_tag | H2: method_tag | I2: threshold | J2: note
A3: QTL_eQTL-aorta (p_value) | B3: p-value from eQTL analysis in aorta tissue | C3: eQTL | D3: Molecular QTL | E3: QTL | F3: variant-centric | G3: source_gtex_aorta | H3: soft_fastqtl | I3: p_value < 0.05
A4: GWAS_pvalue | B4: Association p-value for each variant from the GWAS study | D4: Genome-wide association (GWAS) signal | E4: =IF($D4="","",IFERROR(INDEX(validation!$A$2:$A$23,MATCH($D4,validation!$B$2:$B$23,0)),"")) -> GWAS | F4: variant-centric
A5: FUNC_CADD | B5: CADD score representing the predicted functional impact of the variant | D5: Predicted functional impact | E5: FUNC | F5: variant-centric | G5: source_cadd | H5: NA | I5: NA | J5: NA
A6: QTL_eQTL_aorta_pvalue | B6: p-value from expression QTL (eQTL) analysis in aorta tissue | C6: eQTL | D6: Molecular QTL | E6: QTL | F6: variant-centric | G6: source_gtex_aorta_qtl | H6: soft_fastqtl | I6: qvalue < 0.05 | J6: NA
A7: EXP_aorta_RPKM | B7: Gene expression level in aorta tissue, measured in RPKM | D7: Expression | E7: EXP | F7: gene-centric | G7: source_gtex_aorta_rna | H7: NA | I7: NA | J7: NA
A8: PERTURB_mouse | B8: Phenotypic effects of the gene from IMPC knockout mouse models | D8: Perturbation | E8: PERTURB | F8: gene-centric | G8: source_impc | H8: NA | I8: NA | J8: NA
D9: =IF($E9="","",IFERROR(VLOOKUP($E9,validation!$A$2:$B$23,2,FALSE),"")) -> 0 | E9: =IF($D9="","",IFERROR(INDEX(validation!$A$2:$A$23,MATCH($D9,validation!$B$2:$B$23,0)),"")) -> 0
D10: =IF($E10="","",IFERROR(VLOOKUP($E10,validation!$A$2:$B$23,2,FALSE),"")) -> 0 | E10: =IF($D10="","",IFERROR(INDEX(validation!$A$2:$A$23,MATCH($D10,validation!$B$2:$B$23,0)),"")) -> 0
D11: =IF($E11="","",IFERROR(VLOOKUP($E11,validation!$A$2:$B$23,2,FALSE),"")) -> 0 | E11: =IF($D11="","",IFERROR(INDEX(validation!$A$2:$A$23,MATCH($D11,validation!$B$2:$B$23,0)),"")) -> 0
D12: =IF($E12="","",IFERROR(VLOOKUP($E12,validation!$A$2:$B$23,2,FALSE),"")) -> 0 | E12: =IF($D12="","",IFERROR(INDEX(validation!$A$2:$A$23,MATCH($D12,validation!$B$2:$B$23,0)),"")) -> 0
D13: =IF($E13="","",IFERROR(VLOOKUP($E13,validation!$A$2:$B$23,2,FALSE),"")) -> 0 | E13: =IF($D13="","",IFERROR(INDEX(validation!$A$2:$A$23,MATCH($D13,validation!$B$2:$B$23,0)),"")) -> 0
D14: =IF($E14="","",IFERROR(VLOOKUP($E14,validation!$A$2:$B$23,2,FALSE),"")) -> 0 | E14: =IF($D14="","",IFERROR(INDEX(validation!$A$2:$A$23,MATCH($D14,validation!$B$2:$B$23,0)),"")) -> 0
D15: =IF($E15="","",IFERROR(VLOOKUP($E15,validation!$A$2:$B$23,2,FALSE),"")) -> 0 | E15: =IF($D15="","",IFERROR(INDEX(validation!$A$2:$A$23,MATCH($D15,validation!$B$2:$B$23,0)),"")) -> 0
D16: =IF($E16="","",IFERROR(VLOOKUP($E16,validation!$A$2:$B$23,2,FALSE),"")) -> 0 | E16: =IF($D16="","",IFERROR(INDEX(validation!$A$2:$A$23,MATCH($D16,validation!$B$2:$B$23,0)),"")) -> 0
D17: =IF($E17="","",IFERROR(VLOOKUP($E17,validation!$A$2:$B$23,2,FALSE),"")) -> 0 | E17: =IF($D17="","",IFERROR(INDEX(validation!$A$2:$A$23,MATCH($D17,validation!$B$2:$B$23,0)),"")) -> 0
D18: =IF($E18="","",IFERROR(VLOOKUP($E18,validation!$A$2:$B$23,2,FALSE),"")) -> 0 | E18: =IF($D18="","",IFERROR(INDEX(validation!$A$2:$A$23,MATCH($D18,validation!$B$2:$B$23,0)),"")) -> 0
D19: =IF($E19="","",IFERROR(VLOOKUP($E19,validation!$A$2:$B$23,2,FALSE),"")) -> 0 | E19: =IF($D19="","",IFERROR(INDEX(validation!$A$2:$A$23,MATCH($D19,validation!$B$2:$B$23,0)),"")) -> 0
D20: =IF($E20="","",IFERROR(VLOOKUP($E20,validation!$A$2:$B$23,2,FALSE),"")) -> 0 | E20: =IF($D20="","",IFERROR(INDEX(validation!$A$2:$A$23,MATCH($D20,validation!$B$2:$B$23,0)),"")) -> 0
... D200: =IF($E200="","",IFERROR(VLOOKUP($E200,validation!$A$2:$B$23,2,FALSE),"")) -> 0 | E200: =IF($D200="","",IFERROR(INDEX(validation!$A$2:$A$23,MATCH($D200,validation!$B$2:$B$23,0)),"")) -> 0

Sheet validation
A1: evidence_category_abbreviation | B1: evidence_category
A2: CHROMATIN | B2: Chromatin interaction
A3: COLOC | B3: Colocalisation
A4: CROSSP | B4: Cross-phenotype
A5: DB | B5: Association from curated database
A6: DRUG | B6: Drug related
A7: EXP | B7: Expression
A8: FINEMAP | B8: Finemapping and credible sets
A9: FUNC | B9: Predicted functional impact
A10: GENEBASE | B10: Gene-based association
A11: GWAS | B11: Genome-wide association (GWAS) signal
A12: KNOW | B12: Biological Knowledge Inference
... A23: TPWAS | B23: Genetically predicted trait association (TWAS/PWAS)

Sheet Integration
A1: Author-assigned analysis name that can be cited as evidence in the integrated_analysis_name field. | B1: Unique column name used in the PEG evidence matrix. | C1: Free text explanation of the content in this column. | D1: Indicates when values in this column reflect the authors’ conclusions for defining the PEG list. NOTE: only **ONE** column per matrix can be assiged as `True`. We recommend including the string 'author_conclusion' in the appropirate column header. | E1: A list of variant-centric or gene-centric evidence stream names combined in the integration. | F1: A list of integration_tag values from other integration analyses that are included in this integration analysis | G1: Identifier for the analysis method (from Method tab). | H1: Threshold applied to define significance or inclusion criteria. | I1: Extra details to aid interpretation.
A2: integration_tag | B2: column_header | C2: column_description | D2: author_conclusion | E2: evidence_streams_included | F2: integrations_included | G2: method_tag | H2: threshold | I2: notes
A3: pops | B3: INT_pops | C3: Integrated score based on multiple evidence types for the gene | D3: TRUE | E3: FUNC | eQTL | pQTL | FM | 3d |PHEWAS |TWAS | F3: pops | flames | G3: soft_pops | H3: 0.05
A4: INT_pops | B4: Integrated score based on multiple evidence types for the prioritised gene | C4: pops | D4: FALSE | E4: FUNC | eQTL | pQTL | FM | 3D | PHEWAS | TWAS | F4: NA | G4: soft_pops | H4: >3 | I4: NA
A5: INT_author_score | B5: Combined prediction based on manual review of all evidence types and PoPS output | C5: author_score | D5: TRUE | E5: PROX | REG | LIT | PoPS | F5: pops | G5: method_customised | H5: NA | I5: NA

Sheet Source
A1: Unique identifier for the source. | B1: Provenance type indicating the origin of the data source. Use lab_internal for unpublished data generated by your lab. Use publication for published data not deposited in a repository. Use the official name of the resource (e.g., GTEx, ENCODE). | C1: Exact filename of the source dataset. | D1: Version or release of the dataset. | E1: Web link to the source file used in the analysis. | F1: Accession identifier if the source file comes from the repository. | G1: DOI for the publication containing the source file. | H1: Biological origin of the sample (e.g., primary-tissue, organoid, cell-line, iPSC-derived). | I1: Primary tissue sampled (detailed anatomical location). | J1: Specific cell type, if applicable. | K1: Cell line name if sample_origin is "cell-line". | L1: Disease status of the donor or sample. | M1: Developmental stage of the biosample. | N1: Treatments or perturbations applied prior to or during data generation. | O1: Sex composition of samples. | P1: Species of the sample. | Q1: Brief summary of sample characteristics and intended use.
A2: source_tag | B2: provenance | C2: file_name | D2: version | E2: url | F2: accession_id | G2: doi | H2: sample_origin | I2: tissue | J2: cell_type | K2: cell_line | L2: disease | M2: life_stage | N2: treatment | O2: sex | P2: species | Q2: description
A3: source_gtex_aorta | B3: GTEx | C3: GTEx_Analysis_2017-06-05_v8_RNASeQCv1.1.9_gene_tpm.gct.gz | D3: v8 | E3: https://gtexportal.org/ | F3: GSE123456 | G3: 10.1038/s41586-020-2493-4 | H3: primary-tissue | I3: aorta | J3: alpha cells | K3: K562 | L3: healthy | M3: adult | N3: anti-IgM treated | O3: mixed | P3: human | Q3: Bulk pancreas tissue samples from healthy postmortem adult human donors in GTEx v10. Used for eQTL discovery. Samples span male and female donors aged approximately 20–70 years. No treatment applied.
A4: source_cadd | B4: CADD | C4: All possible SNVs of GRCh38/hg38 incl. all annotations | D4: v1.7 | E4: https://kircherlab.bihealth.org/download/CADD/v1.7/GRCh38/whole_genome_SNVs.tsv.gz | F4: NA | G4: NA | H4: NA | I4: NA | J4: NA | L4: NA | M4: NA | N4: NA | O4: NA | P4: NA
A5: source_gtex_aorta_qtl | B5: GTEx | C5: GTEx_Analysis_v10_eQTL.tar | D5: v10 | E5: https://storage.googleapis.com/adult-gtex/bulk-qtl/v10/single-tissue-cis-qtl/GTEx_Analysis_v10_eQTL.tar | F5: NA | G5: NA | H5: aorta | I5: primary tissue | J5: NA | L5: healthy | M5: adult | N5: None | O5: mixed | P5: Homo sapiens
A6: source_gtex_aorta_rna | B6: GTEx | C6: GTEx_Analysis_v10_RNASeQCv2.4.2_gene_tpm.gct.gz | D6: v10 | E6: https://storage.googleapis.com/adult-gtex/bulk-gex/v10/rna-seq/GTEx_Analysis_v10_RNASeQCv2.4.2_gene_tpm.gct.gz | F6: NA | G6: NA | H6: aorta | I6: primary tissue | J6: NA | L6: healthy | M6: adult | N6: None | O6: mixed | P6: Homo sapiens
A7: source_impc | B7: IMPC | C7: IMPC_genotype_phenotype.csv.gz | D7: "23" | E7: https://ftp.ebi.ac.uk/pub/databases/impc/all-data-releases/release-01.0/csv/ | F7: NA | G7: NA | H7: multiple | I7: IMPC mouse knockout models | J7: NA | L7: NA | M7: mixed | N7: gene knockout | O7: mixed | P7: Mus musculus

Sheet Method
A1: Unique identifier for the method, used in the PEG evidence and integration metadata. | B1: Specifies whether the method is a published software tool or a manual approach. | C1: Manual assertion:ECO_0000218; Automatic assertion:ECO_0000203;Manually integrated combinatorial evidence: ECO_0007674;Automatically integrated combinatorial evidence: ECO_0007673 | D1: Name of the software used. | E1: Version of the software used. | F1: Link to the official software resource. | G1: DOI of the software or associated publication. | H1: Detailed description of the method, workflow, or customisation applied. | I1: Detailed description of the method, workflow, or customisation applied.
A2: method_tag | B2: method_mode | C2: method_mode_ontology_term_id | D2: software_name | E2: software_version | F2: software_url | G2: software_doi | H2: method_description | I2: note
A3: soft_fastqtl | B3: software | C3: ECO_0000203 | D3: FastQTL | E3: v1.0 | F3: https://github.com/francois-a/fastqtl | G3: 10.1093/BIOINFORMATICS/BTV722 | H3: Custom scoring model combining eQTL and chromatin interaction data.
A4: soft_fastqtl | B4: software | C4: ECO_0000203 | D4: FastQTL | E4: v1.0 | F4: https://github.com/francois-a/fastqtl | G4: 10.1093/BIOINFORMATICS/BTV722 | H4: NA
A5: soft_pops | B5: software | C5: ECO_0000203 | D5: PoPS | E5: v1.0 | F5: https://github.com/FinucaneLab/pops | G5: 10.1038/s41588-023-01443-6 | H5: NA
A6: method_customised | B6: manual | C6: ECO_0000203 | D6: NA | E6: NA | F6: NA | G6: NA | H6: An integrated prediction derived from expert review of all evidence types together with PoPS output. The strength of support for a gene is classified as weak, medium, or strong based on professional judgement: • Weak — variant-centric evidence does not support the gene. • Medium — variant-centric evidence supports the gene, but gene-centric evidence is lacking. • Strong — both variant-centric and gene-centric evidence show consistent positive support for the gene.
